{
  "project_info": {
    "project_number": "382425067701",
    "project_id": "inventory-management-sys-940d8",
    "storage_bucket": "inventory-management-sys-940d8.appspot.com"
  },
  "client": [
    {
      "client_info": {
        "mobilesdk_app_id": "1:382425067701:android:2a3254be9e1a5b79964efc",
        "android_client_info": {
          "package_name": "com.example.inventorymanagementsystem"
        }
      },
      "oauth_client": [
        {
          "client_id": "382425067701-atbr6lvd7te3e0k2s67gcv2rc2u204a2.apps.googleusercontent.com",
          "client_type": 3
        }
      ],
      "api_key": [
        {
          "current_key": "AIzaSyCyopk3fWIPwlHQuH1aiG3SIvgRPFnpK6c"
        }
      ],
      "services": {
        "appinvite_service": {
          "other_platform_oauth_client": [
            {
              "client_id": "382425067701-atbr6lvd7te3e0k2s67gcv2rc2u204a2.apps.googleusercontent.com",
              "client_type": 3
            }
          ]
        }
      }
    }
  ],
  "configuration_version": "1"
}